C>A/ACA,C>A/ACA
C>A/ACA,C>A/ACC
C>A/ACA,C>A/CCA
C>A/ACA,C>A/CCG
C>A/ACA,C>A/GCA
C>A/ACA,C>A/GCG
C>A/ACA,C>A/TCA
C>A/ACA,T>A/CTG
C>A/ACC,C>A/ACC
C>A/ACC,C>A/CCA
C>A/ACC,C>A/CCC
C>A/ACC,C>A/CCT
C>A/ACC,C>A/GCC
C>A/ACC,C>A/GCT
C>A/ACC,C>A/TCT
C>A/CCA,C>A/CCA
C>A/CCA,C>A/CCC
C>A/CCA,C>A/CCG
C>A/CCA,C>A/CCT
C>A/CCA,C>A/GCA
C>A/CCA,C>A/GCC
C>A/CCA,C>A/GCG
C>A/CCA,C>A/TCA
C>A/CCA,C>A/TCC
C>A/CCA,T>A/CTG
C>A/CCG,C>A/ACG
C>A/CCG,C>A/CCC
C>A/CCG,C>A/CCG
C>A/CCG,C>A/CCT
C>A/CCG,C>A/GCA
C>A/CCG,C>A/GCC
C>A/CCG,C>A/TCA
C>A/CCG,C>A/TCC
C>A/CCG,T>A/CTG
C>A/GCA,C>A/CCC
C>A/GCA,C>A/CCT
C>A/GCA,C>A/GCA
C>A/GCA,C>A/GCC
C>A/GCA,C>A/GCG
C>A/GCA,C>A/GCT
C>A/GCA,C>A/TCA
C>A/GCA,C>A/TCC
C>A/GCA,T>A/CTG
C>A/GCG,C>A/CCC
C>A/GCG,C>A/CCT
C>A/GCG,C>A/GCC
C>A/GCG,C>A/GCG
C>A/GCG,C>A/GCT
C>A/GCG,C>A/TCA
C>A/GCG,C>A/TCC
C>A/GCG,C>A/TCT
C>A/GCG,T>A/CTG
C>A/GCG,T>A/GTG
C>A/TCA,C>A/ACG
C>A/TCA,C>A/CCT
C>A/TCA,C>A/GCC
C>A/TCA,C>A/TCA
C>A/TCA,C>A/TCC
C>A/TCA,T>A/CTG
T>A/CTG,C>A/ACG
T>A/CTG,C>A/CCT
T>A/CTG,C>A/GCC
T>A/CTG,C>A/TCC
T>A/CTG,C>G/CCA
T>A/CTG,T>A/CTG
C>A/CCC,C>A/CCC
C>A/CCC,C>A/CCT
C>A/CCC,C>A/GCC
C>A/CCC,C>A/TCC
C>A/CCC,C>A/TCT
C>A/CCT,C>A/CCT
C>A/CCT,C>A/GCC
C>A/CCT,C>A/TCC
C>A/GCC,C>A/ACG
C>A/GCC,C>A/ACT
C>A/GCC,C>A/GCC
C>A/GCC,C>A/GCT
C>A/GCC,C>A/TCC
C>A/GCT,C>A/GCT
C>A/TCT,C>A/TCT
C>A/ACG,C>A/ACG
C>A/ACT,C>A/ACT
C>A/TCC,C>A/TCC
T>A/GTG,T>A/GTG
C>A/TCG,C>A/TCG
C>G/ACA,C>G/ACA
C>G/ACC,C>G/ACC
C>G/ACG,C>G/ACG
C>G/ACT,C>G/ACT
C>G/CCA,C>G/CCA
C>G/CCC,C>G/CCC
C>G/CCG,C>G/CCG
C>G/CCT,C>G/CCT
C>G/GCA,C>G/GCA
C>G/GCC,C>G/GCC
C>G/GCG,C>G/GCG
C>G/GCT,C>G/GCT
C>G/TCA,C>G/TCA
C>G/TCA,C>G/TCT
C>G/TCA,C>T/TCA
C>G/TCT,C>G/TCT
C>G/TCT,C>T/TCA
C>G/TCT,C>T/TCT
C>T/TCA,C>T/TCA
C>T/TCA,C>T/TCT
C>G/TCC,C>G/TCC
C>G/TCG,C>G/TCG
C>T/TCT,C>T/TCT
C>T/ACA,C>T/ACA
C>T/ACC,C>T/ACC
C>T/ACG,C>T/ACG
C>T/ACT,C>T/ACT
C>T/CCA,C>T/CCA
C>T/CCC,C>T/CCC
C>T/CCG,C>T/CCG
C>T/CCT,C>T/CCT
C>T/GCA,C>T/GCA
C>T/GCC,C>T/GCC
C>T/GCG,C>T/GCG
C>T/GCT,C>T/GCT
C>T/TCC,C>T/TCC
C>T/TCG,C>T/TCG
T>A/ATA,T>A/ATA
T>A/ATC,T>A/ATC
T>A/ATG,T>A/ATG
T>A/ATT,T>A/ATT
T>A/CTA,T>A/CTA
T>A/CTC,T>A/CTC
T>A/CTT,T>A/CTT
T>A/GTA,T>A/GTA
T>A/GTC,T>A/GTC
T>A/GTT,T>A/GTT
T>A/TTA,T>A/TTA
T>A/TTC,T>A/TTC
T>A/TTG,T>A/TTG
T>A/TTT,T>A/TTT
T>C/ATA,T>C/ATA
T>C/ATC,T>C/ATC
T>C/ATG,T>C/ATG
T>C/ATT,T>C/ATT
T>C/CTA,T>C/CTA
T>C/CTC,T>C/CTC
T>C/CTG,T>C/CTG
T>C/CTT,T>C/CTT
T>C/GTA,T>C/GTA
T>C/GTC,T>C/GTC
T>C/GTG,T>C/GTG
T>C/GTT,T>C/GTT
T>C/TTA,T>C/TTA
T>C/TTC,T>C/TTC
T>C/TTG,T>C/TTG
T>C/TTT,T>C/TTT
T>G/ATA,T>G/ATA
T>G/ATC,T>G/ATC
T>G/ATG,T>G/ATG
T>G/ATT,T>G/ATT
T>G/CTA,T>G/CTA
T>G/CTC,T>G/CTC
T>G/CTG,T>G/CTG
T>G/CTT,T>G/CTT
T>G/GTA,T>G/GTA
T>G/GTC,T>G/GTC
T>G/GTG,T>G/GTG
T>G/GTT,T>G/GTT
T>G/TTA,T>G/TTA
T>G/TTC,T>G/TTC
T>G/TTG,T>G/TTG
T>G/TTT,T>G/TTT
C>A/ACA
C>A/ACC
C>A/CCA
C>A/CCG
C>A/GCA
C>A/GCG
C>A/TCA
T>A/CTG
C>A/CCC
C>A/CCT
C>A/GCC
C>A/GCT
C>A/TCT
C>A/ACG
C>A/ACT
C>A/TCC
T>A/GTG
C>A/TCG
C>G/ACA
C>G/ACC
C>G/ACG
C>G/ACT
C>G/CCA
C>G/CCC
C>G/CCG
C>G/CCT
C>G/GCA
C>G/GCC
C>G/GCG
C>G/GCT
C>G/TCA
C>G/TCT
C>T/TCA
C>G/TCC
C>G/TCG
C>T/TCT
C>T/ACA
C>T/ACC
C>T/ACG
C>T/ACT
C>T/CCA
C>T/CCC
C>T/CCG
C>T/CCT
C>T/GCA
C>T/GCC
C>T/GCG
C>T/GCT
C>T/TCC
C>T/TCG
T>A/ATA
T>A/ATC
T>A/ATG
T>A/ATT
T>A/CTA
T>A/CTC
T>A/CTT
T>A/GTA
T>A/GTC
T>A/GTT
T>A/TTA
T>A/TTC
T>A/TTG
T>A/TTT
T>C/ATA
T>C/ATC
T>C/ATG
T>C/ATT
T>C/CTA
T>C/CTC
T>C/CTG
T>C/CTT
T>C/GTA
T>C/GTC
T>C/GTG
T>C/GTT
T>C/TTA
T>C/TTC
T>C/TTG
T>C/TTT
T>G/ATA
T>G/ATC
T>G/ATG
T>G/ATT
T>G/CTA
T>G/CTC
T>G/CTG
T>G/CTT
T>G/GTA
T>G/GTC
T>G/GTG
T>G/GTT
T>G/TTA
T>G/TTC
T>G/TTG
T>G/TTT
